state,county,lat,long
KY,TRIGG,36.8064,-87.8734
MN,WABASHA,44.2842,-92.2303
PA,ERIE,41.9917,-80.0322
VA,HANOVER,37.7601,-77.4909
WV,PRESTON,39.4693,-79.6681
MO,LAWRENCE,37.1063,-93.8329
NY,OSWEGO,43.4261,-76.1412
MN,FARIBAULT,43.6739,-93.9478
SD,BROOKINGS,44.3697,-96.7905
IL,MARION,38.6496,-88.919
IN,GREENE,39.0364,-86.962
SD,SANBORN,44.0235,-98.0914
MI,OSCEOLA,43.9899,-85.3252
OK,LOGAN,35.9194,-97.4434
MS,HINDS,32.2667,-90.4427
GA,WARE,31.0534,-82.4238
MO,HOLT,40.0946,-95.215
KY,LAUREL,37.1107,-84.1178
OK,GARVIN,34.7045,-97.3093
AL,LAUDERDALE,34.9015,-87.6543
NC,DAVIDSON,35.7932,-80.2127
TN,LOUDON,35.735,-84.3116
VA,MATHEWS,37.4368,-76.3444
WV,HARDY,39.0075,-78.8579
MN,KANDIYOHI,45.1524,-95.0048
NE,PLATTE,41.5708,-97.5206
IN,RIPLEY,39.1034,-85.2624
GA,LANIER,31.038,-83.0626
OH,GALLIA,38.8247,-82.3169
GA,BLECKLEY,32.4344,-83.3279
IA,WINNESHIEK,43.2906,-91.8436
MO,PEMISCOT,36.2111,-89.7858
MN,KOOCHICHING,48.2453,-93.7834
SD,TRIPP,43.3459,-99.884
MI,WASHTENAW,42.2534,-83.8384
MO,SCHUYLER,40.4703,-92.5209
KS,HODGEMAN,38.0875,-99.8979
TN,HARDIN,35.1987,-88.1845
NC,CHATHAM,35.7027,-79.2553
NE,HOLT,42.4557,-98.7838
WI,MONROE,43.9457,-90.6179
IL,PUTNAM,41.2045,-89.2858
IN,PUTNAM,39.6663,-86.845
DE,NEW CASTLE,39.5811,-75.6488
IL,WHITESIDE,41.7564,-89.9141
KY,HART,37.2999,-85.8847
NC,EDGECOMBE,35.9129,-77.5971
MD,CALVERT,38.5529,-76.5696
MN,STEVENS,45.5861,-96.0003
NC,DURHAM,36.0359,-78.8764
MO,GENTRY,40.2121,-94.4099
GA,CHATTOOGA,34.475,-85.3454
NC,SURRY,36.4148,-80.6882
IN,TIPTON,40.3114,-86.0519
KS,EDWARDS,37.8876,-99.312
TX,DENTON,33.2043,-97.1171
VA,CHESTERFIELD,37.3785,-77.5868
MS,HOLMES,33.1235,-90.0922
WI,OZAUKEE,43.3838,-87.9515
MN,WILKIN,46.3571,-96.4683
NE,CEDAR,42.5993,-97.2523
AL,AUTAUGA,32.5349,-86.6428
MN,MORRISON,46.0126,-94.2684
PA,SNYDER,40.77,-77.0701
NE,CUMING,41.9164,-96.7874
IA,BOONE,42.0366,-93.9318
MI,KENT,43.0322,-85.5492
MN,REDWOOD,44.4037,-95.2539
KS,SHAWNEE,39.0415,-95.7564
IA,LUCAS,41.0293,-93.3277
SD,KINGSBURY,44.3696,-97.4915
IL,BROWN,39.9618,-90.7504
ND,CASS,46.933,-97.2481
OH,WOOD,41.3617,-83.623
ND,PIERCE,48.2496,-99.9718
MO,POLK,37.6165,-93.4005
MS,UNION,34.4905,-89.0038
IA,WORTH,43.3774,-93.2609
KS,DONIPHAN,39.7885,-95.147
TN,CROCKETT,35.8135,-89.1395
NY,NIAGARA,43.2011,-78.7427
KY,FAYETTE,38.0423,-84.4588
SC,KERSHAW,34.3388,-80.5903
WI,TREMPEALEAU,44.304,-91.3585
KY,JEFFERSON,38.1872,-85.6595
ND,NELSON,47.9216,-98.1921
KS,WILSON,37.5593,-95.7434
PA,CLINTON,41.2341,-77.6385
LA,SAINT LANDRY,30.5989,-92.0058
NJ,HUNTERDON,40.5672,-74.9123
AL,CULLMAN,34.132,-86.8676
SC,MARION,34.0801,-79.3625
MN,LAC QUI PARLE,44.9955,-96.1735
NY,OTSEGO,42.6338,-75.0326
GA,WAYNE,31.5515,-81.9168
OH,LICKING,40.0918,-82.4835
NY,COLUMBIA,42.2501,-73.6318
NC,HERTFORD,36.359,-76.9837
NE,DIXON,42.4932,-96.8678
NY,ONONDAGA,43.0058,-76.1946
IN,MIAMI,40.7695,-86.0451
KY,CALDWELL,37.1453,-87.8679
MN,ISANTI,45.5615,-93.2952
NE,FILLMORE,40.5247,-97.5964
IL,MASSAC,37.219,-88.7078
TN,TIPTON,35.4966,-89.7594
SD,STANLEY,44.4123,-100.7359
MO,LINCOLN,39.0581,-90.9602
MI,MECOSTA,43.6409,-85.3245
NC,CABARRUS,35.3868,-80.5519
MS,JONES,31.6226,-89.1688
SD,CHARLES MIX,43.2079,-98.5879
LA,FRANKLIN,32.1333,-91.6738
PA,MONTGOMERY,40.2109,-75.3672
AL,GENEVA,31.095,-85.839
KS,CHASE,38.3021,-96.594
NC,WASHINGTON,35.8221,-76.5767
IL,MERCER,41.2053,-90.7414
MN,HUBBARD,47.1087,-94.9166
ND,RAMSEY,48.2689,-98.7201
GA,MADISON,34.1279,-83.209
AR,LINCOLN,33.9575,-91.7333
MN,OTTER TAIL,46.4088,-95.7079
WI,MARATHON,44.8983,-89.759
NE,DAWSON,40.8699,-99.8195
ND,SIOUX,46.1127,-101.0404
OH,PERRY,39.7371,-82.2361
NC,STOKES,36.4018,-80.2395
WI,DUNN,44.9466,-91.8964
LA,CATAHOULA,31.6661,-91.8471
NE,KEITH,41.1988,-101.6613
IN,SHELBY,39.5236,-85.7918
KS,ELLIS,38.9148,-99.3173
MN,TRAVERSE,45.7721,-96.4716
GA,BULLOCH,32.3969,-81.7432
IA,MILLS,41.0332,-95.6214
AR,MILLER,33.3124,-93.8918
MN,DOUGLAS,45.9337,-95.4535
AL,MARENGO,32.2476,-87.7895
AR,PHILLIPS,34.4283,-90.848
VA,PAGE,38.62,-78.4841
WI,CALUMET,44.0817,-88.218
LA,BOSSIER,32.6795,-93.6052
IL,CLARK,39.3335,-87.7878
KY,WASHINGTON,37.7534,-85.1747
SC,ORANGEBURG,33.439,-80.8003
NC,CASWELL,36.3934,-79.3337
SD,UNION,42.8324,-96.6561
AL,MOBILE,30.7943,-88.2018
ND,RANSOM,46.4561,-97.6575
IL,PIKE,39.6225,-90.8862
MI,HURON,43.8333,-83.0193
IL,MCHENRY,42.3244,-88.4524
LA,VERMILION,29.8455,-92.3241
AL,WASHINGTON,31.4077,-88.2071
MO,MILLER,38.2145,-92.4284
PA,MONROE,41.0582,-75.3394
SC,CLARENDON,33.6658,-80.2164
TX,VICTORIA,28.7964,-96.9715
OH,CHAMPAIGN,40.1377,-83.7696
MI,JACKSON,42.2485,-84.4233
KY,FRANKLIN,38.2391,-84.877
MN,GRANT,45.934,-96.0121
NE,GREELEY,41.5675,-98.5212
OH,MORGAN,39.6203,-81.8527
VA,NEW KENT,37.5052,-76.9972
MO,PHELPS,37.8771,-91.7924
TX,FORT BEND,29.5274,-95.7707
MS,PANOLA,34.3639,-89.9505
TN,SEVIER,35.7847,-83.5242
IA,CHICKASAW,43.0601,-92.3176
KY,OHIO,37.4783,-86.849
GA,EVANS,32.1568,-81.8868
IA,CEDAR,41.7723,-91.1324
MO,BUCHANAN,39.6598,-94.8062
IA,WASHINGTON,41.3356,-91.7179
WI,RUSK,45.4751,-91.1331
PA,MIFFLIN,40.6104,-77.6171
WI,WAUPACA,44.4704,-88.9648
TN,SMITH,36.2505,-85.9567
MO,WARREN,38.7646,-91.1607
IN,MADISON,40.1617,-85.7194
MD,HARFORD,39.5616,-76.3194
IN,CLARK,38.4773,-85.7073
MS,TISHOMINGO,34.7404,-88.2393
IA,DAVIS,40.7477,-92.4097
OH,BELMONT,40.0158,-80.9885
AR,CRAWFORD,35.5889,-94.243
IA,MITCHELL,43.3564,-92.7891
AR,PRAIRIE,34.8297,-91.5528
KY,BUTLER,37.2074,-86.6816
OH,PORTAGE,41.1676,-81.1962
GA,JEFF DAVIS,31.8056,-82.637
KS,MIAMI,38.5636,-94.8381
OH,HARDIN,40.6615,-83.6594
AR,WASHINGTON,35.98,-94.2147
AR,JEFFERSON,34.2688,-91.9315
VA,NELSON,37.7874,-78.8867
MO,PLATTE,39.3804,-94.7736
TN,KNOX,35.9932,-83.9371
AR,MISSISSIPPI,35.7639,-90.054
MO,BENTON,38.2948,-93.2879
WI,PIERCE,44.7196,-92.4225
ND,BOWMAN,46.1126,-103.5207
TN,HAMBLEN,36.2172,-83.2666
NE,HOWARD,41.22,-98.5171
GA,WHEELER,32.1171,-82.7246
WI,JACKSON,44.3191,-90.8052
IL,RICHLAND,38.7124,-88.085
KY,GREEN,37.2639,-85.5531
LA,CADDO,32.5797,-93.8821
MD,TALBOT,38.7767,-76.0892
TN,MCMINN,35.4248,-84.6175
OH,CLINTON,39.415,-83.8084
TN,DECATUR,35.603,-88.1088
IA,FAYETTE,42.8625,-91.8443
KS,HARVEY,38.0432,-97.4273
VA,ROCKBRIDGE,37.8146,-79.4475
NE,SALINE,40.524,-97.1408
NE,GARDEN,41.6194,-102.3354
MO,FRANKLIN,38.4112,-91.075
KY,LARUE,37.5457,-85.698
ND,GRANT,46.3583,-101.6397
TX,OCHILTREE,36.2784,-100.8156
GA,COFFEE,31.5492,-82.8493
TN,WASHINGTON,36.2933,-82.4974
WI,PRICE,45.6804,-90.3614
AL,JACKSON,34.7794,-85.9993
IA,HUMBOLDT,42.7764,-94.2073
TN,MARSHALL,35.4689,-86.765
NE,DAKOTA,42.3911,-96.5646
IA,POWESHIEK,41.6864,-92.5315
MN,YELLOW MEDICINE,44.7162,-95.8683
MI,OTSEGO,45.0214,-84.5988
IL,WHITE,38.0875,-88.1795
KY,UNION,37.6584,-87.9453
LA,SAINT MARY,29.7196,-91.4494
OH,WAYNE,40.8289,-81.8883
TN,GIBSON,35.9966,-88.9326
TN,DICKSON,36.1491,-87.3567
NC,LENOIR,35.2393,-77.6416
MO,JEFFERSON,38.261,-90.5378
MS,LOWNDES,33.4729,-88.4433
TN,VAN BUREN,35.696,-85.4525
AR,CRAIGHEAD,35.8308,-90.6328
AL,MONTGOMERY,32.2202,-86.2076
ND,KIDDER,46.9802,-99.7801
KY,DAVIESS,37.7318,-87.0873
PA,LEHIGH,40.6129,-75.5924
GA,MITCHELL,31.2254,-84.1942
TN,GILES,35.2022,-87.0348
AR,LAFAYETTE,33.2408,-93.6073
VA,KING GEORGE,38.2729,-77.1572
KS,WYANDOTTE,39.1145,-94.7646
IN,BARTHOLOMEW,39.2059,-85.8977
IN,ST. JOSEPH,41.6167,-86.2898
OH,MIAMI,40.0534,-84.2289
KY,SPENCER,38.0325,-85.3279
IL,WINNEBAGO,42.3363,-89.1609
NC,NORTHAMPTON,36.4177,-77.3967
TN,SEQUATCHIE,35.3712,-85.4106
MO,LIVINGSTON,39.7821,-93.5483
IL,GREENE,39.3562,-90.3905
NE,GARFIELD,41.9143,-98.9914
LA,BEAUREGARD,30.6485,-93.3434
IL,JACKSON,37.7852,-89.3821
OK,KINGFISHER,35.9454,-97.9421
MO,RANDOLPH,39.4402,-92.4971
GA,DODGE,32.1722,-83.1684
GA,WEBSTER,32.0466,-84.551
NE,POLK,41.1869,-97.5684
GA,EARLY,31.3228,-84.9037
MI,SHIAWASSEE,42.9537,-84.1467
NE,BURT,41.8515,-96.3287
NC,ROWAN,35.6396,-80.5247
VA,CHARLOTTE,37.0116,-78.6616
OH,MUSKINGUM,39.9654,-81.9444
MO,GASCONADE,38.4409,-91.5079
VA,BEDFORD,37.3152,-79.5242
MO,DADE,37.432,-93.8502
IN,HANCOCK,39.8235,-85.7732
GA,HART,34.3511,-82.964
MD,SOMERSET,38.091,-75.8241
NY,SCHOHARIE,42.5882,-74.4421
OH,VAN WERT,40.8554,-84.5861
NC,JOHNSTON,35.5176,-78.3657
OH,ERIE,41.3635,-82.6178
TN,CLAIBORNE,36.4859,-83.6603
AR,DESHA,33.8333,-91.254
OK,MAYES,36.3018,-95.2309
NE,CHERRY,42.5449,-101.1186
VA,POWHATAN,37.5502,-77.9151
VA,CAROLINE,38.0272,-77.3475
MS,TALLAHATCHIE,33.9505,-90.1732
NC,PERQUIMANS,36.2069,-76.4419
MI,LIVINGSTON,42.603,-83.9115
NC,PITT,35.5935,-77.3748
MN,CARVER,44.8208,-93.8025
MO,PUTNAM,40.4789,-93.0161
NC,CRAVEN,35.1262,-77.0969
NC,MOORE,35.3107,-79.4813
IL,EDGAR,39.6786,-87.7456
PA,VENANGO,41.401,-79.758
FL,SANTA ROSA,30.732,-87.0172
IN,JEFFERSON,38.7858,-85.4385
KS,SCOTT,38.4822,-100.9069
KS,GREENWOOD,37.8778,-96.2327
MD,WASHINGTON,39.6037,-77.8142
MI,MONTCALM,43.311,-85.1524
MN,NICOLLET,44.35,-94.2474
TN,MAURY,35.617,-87.077
SD,DOUGLAS,43.3871,-98.3662
KS,WABAUNSEE,38.9533,-96.2049
AL,GREENE,32.8531,-87.9522
IA,LYON,43.3805,-96.2103
PA,LYCOMING,41.3433,-77.0645
NY,WASHINGTON,43.3137,-73.4307
MO,CEDAR,37.7238,-93.8566
OH,MEDINA,41.1176,-81.8997
IN,LAGRANGE,41.6427,-85.4265
GA,TERRELL,31.7768,-84.4368
VA,ROCKINGHAM,38.5122,-78.8758
MS,SCOTT,32.4064,-89.5376
OK,LINCOLN,35.703,-96.8809
IL,RANDOLPH,38.0521,-89.8253
AR,LOGAN,35.2153,-93.7163
IN,RUSH,39.6199,-85.4658
WI,EAU CLAIRE,44.7268,-91.2861
GA,PULASKI,32.2328,-83.4764
TN,SUMNER,36.4694,-86.4603
IA,WINNEBAGO,43.3775,-93.7342
KY,MONTGOMERY,38.0336,-83.9132
OH,LUCAS,41.62,-83.6586
KS,NEMAHA,39.7835,-96.0141
MO,SALINE,39.1366,-93.2022
SD,GRANT,45.172,-96.7677
WI,SHEBOYGAN,43.7212,-87.9454
MO,DALLAS,37.6804,-93.0236
WI,CLARK,44.7347,-90.6121
KS,WICHITA,38.4821,-101.3474
SC,HAMPTON,32.7763,-81.1406
AL,CHILTON,32.8479,-86.7188
NE,RICHARDSON,40.1249,-95.7167
KY,CLARK,37.9709,-84.1475
IA,SAC,42.3862,-95.1055
WI,WAUSHARA,44.1131,-89.2429
IA,VAN BUREN,40.7532,-91.95
OH,CLARK,39.9168,-83.7835
MS,TUNICA,34.652,-90.3755
NE,BUTLER,41.225,-97.1314
IN,POSEY,38.0218,-87.8684
KS,NORTON,39.7844,-99.9034
KS,LANE,38.4814,-100.4664
WI,SAWYER,45.88,-91.1447
KS,LABETTE,37.1913,-95.2976
IN,FULTON,41.047,-86.2636
TN,WARREN,35.6787,-85.7785
WI,WASHINGTON,43.3684,-88.2308
IN,WHITLEY,41.1394,-85.5052
OK,MCCURTAIN,34.115,-94.7712
MN,PINE,46.1208,-92.7414
ND,GRAND FORKS,47.9219,-97.457
KY,TRIMBLE,38.613,-85.3374
MN,MCLEOD,44.8235,-94.2724
WI,WAUKESHA,43.0181,-88.3045
SC,MARLBORO,34.602,-79.6786
AL,BARBOUR,31.8696,-85.3932
NC,MECKLENBURG,35.2468,-80.8328
NC,GATES,36.4449,-76.7011
NE,THAYER,40.1763,-97.5947
AR,SEBASTIAN,35.1993,-94.274
AR,YELL,35.0026,-93.4113
NC,CHOWAN,36.1507,-76.608
IA,MUSCATINE,41.4839,-91.1127
OH,STARK,40.8138,-81.3659
IN,WABASH,40.8457,-85.794
IL,STARK,41.0934,-89.7975
IL,MENARD,40.0274,-89.8022
SC,CHESTER,34.6921,-81.1595
OH,WASHINGTON,39.4553,-81.4953
IL,WILL,41.445,-87.9787
IN,SWITZERLAND,38.8262,-85.037
MS,SUNFLOWER,33.6023,-90.5886
KY,HARDIN,37.6979,-85.9635
SC,WILLIAMSBURG,33.6199,-79.7277
NE,DEUEL,41.1116,-102.3339
NC,CAMDEN,36.3902,-76.2101
TX,BURLESON,30.4924,-96.621
AL,MONROE,31.5706,-87.3658
IA,BENTON,42.0801,-92.0657
NE,JEFFERSON,40.1757,-97.1426
IL,STEPHENSON,42.3517,-89.6625
NC,STANLY,35.312,-80.2507
TX,DELTA,33.3863,-95.6723
IN,HARRISON,38.1952,-86.1113
AR,POPE,35.4476,-93.0342
SD,JONES,43.9604,-100.6896
MO,CALLAWAY,38.8355,-91.926
TX,HANSFORD,36.2775,-101.3545
GA,JEFFERSON,33.0549,-82.4181
IL,POPE,37.4127,-88.5615
NE,RED WILLOW,40.1758,-100.4768
ND,BENSON,48.0694,-99.366
TN,BLEDSOE,35.5964,-85.2051
KY,MASON,38.5952,-83.824
PA,BEAVER,40.6823,-80.3493
MO,PULASKI,37.8246,-92.2076
LA,OUACHITA,32.4785,-92.1545
GA,TURNER,31.7164,-83.6242
KS,MARION,38.3588,-97.0969
ND,LOGAN,46.4574,-99.4775
MO,CARROLL,39.4268,-93.5052
SD,FAULK,45.0711,-99.1453
KS,OSAGE,38.6524,-95.7269
SD,PERKINS,45.4904,-102.4759
NC,TYRRELL,35.8161,-76.2118
VA,GREENSVILLE,36.6759,-77.5596
ND,PEMBINA,48.7672,-97.5517
TX,HUNT,33.1236,-96.0854
KS,MITCHELL,39.3933,-98.2095
AL,LAWRENCE,34.522,-87.311
KY,OLDHAM,38.3995,-85.4485
VA,CULPEPER,38.4861,-77.9559
OH,WARREN,39.4277,-84.1668
GA,GLASCOCK,33.2293,-82.6107
IN,FAYETTE,39.6401,-85.1787
IL,FORD,40.5972,-88.2233
KY,MEADE,37.9695,-86.2169
MN,MEEKER,45.1231,-94.5274
AL,FAYETTE,33.7212,-87.7388
MN,FILLMORE,43.674,-92.0901
NC,CATAWBA,35.6626,-81.2144
IN,FRANKLIN,39.4148,-85.0603
ND,SLOPE,46.4472,-103.4599
GA,OGLETHORPE,33.8807,-83.0806
KY,CASEY,37.3223,-84.9283
VA,DINWIDDIE,37.0759,-77.6323
KS,RILEY,39.2965,-96.7352
KY,FLEMING,38.3701,-83.6967
NE,CUSTER,41.3943,-99.7262
TN,HARDEMAN,35.2069,-88.9931
IL,MONROE,38.2785,-90.1774
TX,CARSON,35.4035,-101.3542
KY,GARRARD,37.6396,-84.5376
MD,QUEEN ANNES,38.989,-76.1834
WI,LINCOLN,45.3375,-89.7346
OK,DEWEY,35.9877,-99.008
IN,VERMILLION,39.8538,-87.464
IA,WOODBURY,42.3897,-96.0449
GA,MACON,32.3584,-84.0425
NE,MADISON,41.9167,-97.6008
NC,BURKE,35.7495,-81.7045
IA,OSCEOLA,43.3785,-95.6237
NY,SARATOGA,43.1074,-73.8639
KY,SHELBY,38.2155,-85.1948
NJ,MONMOUTH,40.259,-74.2257
MI,ST CLAIR,42.9425,-82.6823
NJ,SALEM,39.5873,-75.3459
KY,PULASKI,37.1039,-84.5771
KY,TODD,36.8356,-87.1791
IA,JOHNSON,41.6715,-91.5881
IL,CRAWFORD,39.0028,-87.7595
WI,CRAWFORD,43.2395,-90.931
VA,SURRY,37.1089,-76.9009
MS,WASHINGTON,33.2836,-90.9474
IN,TIPPECANOE,40.3886,-86.8941
LA,SAINT MARTIN,30.1291,-91.6083
NY,CORTLAND,42.595,-76.0702
TN,WAYNE,35.2399,-87.788
TX,CALHOUN,28.4909,-96.6495
OH,ROSS,39.3376,-83.057
NY,ST LAWRENCE,44.4921,-75.0625
IL,WOODFORD,40.7882,-89.2111
KS,MORRIS,38.6875,-96.6499
SC,FLORENCE,34.0245,-79.7028
SD,MARSHALL,45.7586,-97.5986
SD,CLARK,44.8582,-97.7295
MS,YALOBUSHA,34.0282,-89.7076
KS,BARTON,38.479,-98.7565
VA,KING WILLIAM,37.7067,-77.0884
OK,WASHINGTON,36.7152,-95.9044
KY,MCLEAN,37.5291,-87.2636
SD,BON HOMME,42.9884,-97.8847
MO,BARTON,37.5023,-94.3471
WI,DODGE,43.4164,-88.7075
KY,SIMPSON,36.7419,-86.5823
TN,PUTNAM,36.1408,-85.4951
MI,OCEANA,43.6407,-86.2673
TN,JACKSON,36.3592,-85.6732
OH,KNOX,40.3988,-82.4216
MO,JOHNSON,38.7441,-93.8063
MO,LEWIS,40.0969,-91.7222
NC,PASQUOTANK,36.2974,-76.2867
AR,CLARK,34.051,-93.1764
LA,GRANT,31.5997,-92.5594
MI,OGEMAW,44.3349,-84.1266
AR,FRANKLIN,35.5123,-93.8906
MN,ITASCA,47.5095,-93.632
GA,LOWNDES,30.8339,-83.2677
IA,LEE,40.642,-91.4792
PA,JEFFERSON,41.1281,-78.9995
OK,TULSA,36.1211,-95.9414
MO,GRUNDY,40.114,-93.5653
NC,CHEROKEE,35.1339,-84.0635
PA,TIOGA,41.7721,-77.2543
PA,WARREN,41.8147,-79.2741
IA,GRUNDY,42.402,-92.7911
IA,JACKSON,42.1717,-90.5742
MS,JEFFERSON,31.7342,-91.0371
IA,WAYNE,40.7395,-93.3274
NE,CLAY,40.5244,-98.0512
MO,CLINTON,39.6018,-94.4046
AR,PULASKI,34.7699,-92.3117
NC,ONSLOW,34.7374,-77.4342
OH,HOLMES,40.5612,-81.9294
GA,CALHOUN,31.5292,-84.6249
SC,DORCHESTER,33.0795,-80.4052
WI,RACINE,42.7477,-88.0551
VA,ESSEX,37.9426,-76.9518
SD,MCCOOK,43.6743,-97.3684
IL,PULASKI,37.2228,-89.1267
NY,ONEIDA,43.2418,-75.4359
KY,SCOTT,38.2915,-84.5839
TN,HICKMAN,35.8033,-87.4733
MO,SCOTT,37.053,-89.5686
OH,COLUMBIANA,40.7686,-80.7775
KS,BOURBON,37.8552,-94.8493
AL,CONECUH,31.4293,-86.9936
IA,EMMET,43.3779,-94.6784
MS,MONTGOMERY,33.4941,-89.6164
IN,FLOYD,38.3194,-85.9068
PA,UNION,40.963,-77.0621
AR,SAINT FRANCIS,35.022,-90.7478
IN,MARION,39.7816,-86.1384
OK,MAJOR,36.3116,-98.536
MN,MILLE LACS,45.938,-93.6301
TX,GRAYSON,33.6268,-96.6776
OH,PIKE,39.0774,-83.0668
SD,HAND,44.5478,-99.005
IN,BENTON,40.6063,-87.3109
IA,MONONA,42.0516,-95.96
KS,CLAY,39.3497,-97.1651
TX,SHERMAN,36.2777,-101.8935
MN,ROCK,43.6747,-96.2532
NY,BROOME,42.1602,-75.8196
TX,FALLS,31.2533,-96.9358
NE,HITCHCOCK,40.1763,-101.0422
VA,GLOUCESTER,37.3643,-76.4883
MO,VERNON,37.8506,-94.3424
PA,PERRY,40.3984,-77.2622
IL,BUREAU,41.4041,-89.5287
NE,WEBSTER,40.1764,-98.4999
ND,BARNES,46.9361,-98.0716
AL,CALHOUN,33.7714,-85.8261
IN,GIBSON,38.3118,-87.5846
AR,LAWRENCE,36.0413,-91.1071
KS,HASKELL,37.5623,-100.8712
OH,SENECA,41.1239,-83.1277
TX,KAUFMAN,32.5996,-96.2879
KS,FRANKLIN,38.5646,-95.2859
VA,PATRICK,36.6784,-80.2843
IA,FLOYD,43.06,-92.789
LA,IBERIA,29.8941,-91.7307
AL,TALLADEGA,33.38,-86.1659
IN,PIKE,38.3988,-87.2322
MN,CLEARWATER,47.5776,-95.379
PA,DAUPHIN,40.4155,-76.7793
IL,HARDIN,37.5182,-88.2669
IL,JO DAVIESS,42.3657,-90.2123
PA,FRANKLIN,39.9275,-77.7212
IN,MONTGOMERY,40.0404,-86.8933
LA,TENSAS,32.0016,-91.34
AL,BLOUNT,33.9809,-86.5674
KY,GALLATIN,38.7569,-84.8592
TX,HIDALGO,26.3968,-98.1811
WI,FOREST,45.6673,-88.7704
IN,PARKE,39.7736,-87.2063
GA,LEE,31.7796,-84.141
IN,HENDRICKS,39.7695,-86.51
TN,SHELBY,35.1837,-89.8956
NE,PHELPS,40.5111,-99.4145
KY,KENTON,38.9334,-84.5331
IN,WARREN,40.3469,-87.3533
OK,PAYNE,36.0773,-96.9757
IL,WAYNE,38.4295,-88.4256
IA,CHEROKEE,42.7357,-95.6239
MS,RANKIN,32.2641,-89.9457
TN,HENRY,36.3317,-88.3013
TN,BRADLEY,35.1541,-84.8596
AR,INDEPENDENCE,35.7415,-91.5698
IL,DE KALB,41.8934,-88.7704
MI,SAGINAW,43.335,-84.0532
PA,SULLIVAN,41.446,-76.5119
MN,SIBLEY,44.5795,-94.2321
WI,MILWAUKEE,43.0071,-87.9667
IA,CLAYTON,42.8447,-91.3414
MI,SANILAC,43.4235,-82.8201
SD,JERAULD,44.0664,-98.6298
MN,WRIGHT,45.1739,-93.963
AR,CLAY,36.3685,-90.4173
TX,JACKSON,28.9557,-96.5787
IA,CALHOUN,42.3852,-94.6405
AL,TUSCALOOSA,33.2896,-87.525
MD,FREDERICK,39.4722,-77.3981
MS,MARSHALL,34.7623,-89.5031
KY,HARRISON,38.4418,-84.3315
MO,STODDARD,36.8555,-89.9444
SC,LANCASTER,34.6867,-80.7054
NC,WAYNE,35.3638,-78.004
WI,SAUK,43.4268,-89.9484
MN,PENNINGTON,48.0662,-96.0367
KY,LINCOLN,37.4552,-84.6607
IL,UNION,37.4712,-89.2551
IN,WELLS,40.7291,-85.2212
MO,SCOTLAND,40.4526,-92.1471
IA,MADISON,41.3307,-94.0155
NC,GASTON,35.2945,-81.1801
IA,POLK,41.6855,-93.5734
SD,HYDE,44.5474,-99.4871
ND,EMMONS,46.2851,-100.2388
OK,GRADY,35.017,-97.884
NY,STEUBEN,42.2678,-77.3838
KY,CALLOWAY,36.6211,-88.2723
WI,SHAWANO,44.7892,-88.7656
MS,TATE,34.6503,-89.9448
IL,GALLATIN,37.7628,-88.2305
AR,CRITTENDEN,35.2079,-90.3089
OH,MAHONING,41.0146,-80.7753
PA,LEBANON,40.3672,-76.4577
IN,MARTIN,38.708,-86.8031
IL,WASHINGTON,38.3522,-89.4105
IL,JEFFERSON,38.3005,-88.924
OK,BLAINE,35.8752,-98.4335
KS,GRAHAM,39.3497,-99.8833
KS,GEARY,39.0024,-96.7526
LA,WEST CARROLL,32.7885,-91.4567
IL,LIVINGSTON,40.8914,-88.5578
OK,GARFIELD,36.379,-97.7828
KS,HARPER,37.1916,-98.0755
KS,STAFFORD,38.0311,-98.7175
MD,KENT,39.2574,-76.0362
IA,CASS,41.3315,-94.9278
IA,UNION,41.0277,-94.2424
KS,SHERIDAN,39.3503,-100.4418
VA,CHARLES CITY,37.3565,-77.0613
IL,WABASH,38.4461,-87.8443
LA,WASHINGTON,30.8534,-90.0406
TN,LINCOLN,35.1405,-86.5889
TN,WILSON,36.1549,-86.2976
VA,WESTMORELAND,38.1108,-76.8052
VA,ORANGE,38.2463,-78.0134
GA,GORDON,34.5034,-84.8757
NE,LINCOLN,41.0478,-100.7452
MD,CAROLINE,38.8717,-75.8317
KY,MADISON,37.7202,-84.278
PA,BEDFORD,40.0066,-78.4902
NY,CATTARAUGUS,42.2486,-78.6789
KY,BALLARD,37.0584,-88.9992
MS,LAMAR,31.2059,-89.5087
IL,CHAMPAIGN,40.1401,-88.1991
KS,CHAUTAUQUA,37.1501,-96.2453
VA,MADISON,38.4137,-78.2792
MO,ST LOUIS,38.6407,-90.443
IN,CLINTON,40.3017,-86.4752
SD,EDMUNDS,45.4188,-99.2155
MS,SMITH,32.0177,-89.5067
MD,CECIL,39.575,-75.9384
KS,SHERMAN,39.3514,-101.72
GA,BARTOW,34.2379,-84.8405
GA,JOHNSON,32.7015,-82.6601
IL,MOULTRIE,39.6413,-88.6194
PA,MONTOUR,41.028,-76.6586
NC,LEE,35.475,-79.1716
WI,OUTAGAMIE,44.4161,-88.4649
OK,WASHITA,35.2904,-98.9923
MN,RENVILLE,44.7268,-94.9472
SD,BUFFALO,44.0763,-99.205
OH,GUERNSEY,40.0521,-81.4942
MN,BROWN,44.2421,-94.7277
KS,PAWNEE,38.1814,-99.2368
MN,CHIPPEWA,45.0223,-95.5666
GA,DOOLY,32.1572,-83.7987
MI,ISABELLA,43.6406,-84.8467
MN,POLK,47.7738,-96.4018
MO,CLARK,40.4104,-91.7384
MI,BERRIEN,41.9546,-86.4123
IL,EFFINGHAM,39.0597,-88.5899
IA,JASPER,41.686,-93.0537
IL,JASPER,39.01,-88.1538
IN,MARSHALL,41.325,-86.2618
MN,TODD,46.0706,-94.8976
LA,IBERVILLE,30.2585,-91.3494
KS,CRAWFORD,37.5073,-94.8518
SD,BRULE,43.7181,-99.081
WI,GREEN,42.6799,-89.6022
MI,LAPEER,43.0901,-83.2218
KY,HANCOCK,37.8415,-86.778
NE,KEARNEY,40.5067,-98.948
GA,FLOYD,34.2632,-85.2143
ND,DIVIDE,48.8149,-103.4873
AL,MACON,32.386,-85.6926
NY,MONROE,43.1464,-77.6958
VA,BRUNSWICK,36.7648,-77.859
SC,NEWBERRY,34.2898,-81.6001
KY,MARION,37.5525,-85.2696
TX,COLORADO,29.6208,-96.5263
NE,FRANKLIN,40.1764,-98.9527
AL,HALE,32.7627,-87.6291
IA,DELAWARE,42.4711,-91.3673
NC,WAKE,35.7901,-78.6504
KY,MARSHALL,36.8834,-88.3293
IN,LAWRENCE,38.8412,-86.4834
MO,CLAY,39.3105,-94.4208
NY,ORLEANS,43.2522,-78.2312
MS,WARREN,32.3573,-90.8521
IL,MCLEAN,40.4908,-88.8473
MN,DODGE,44.0225,-92.862
SD,ROBERTS,45.6296,-96.9461
MI,MONROE,41.9292,-83.5373
GA,GRADY,30.8747,-84.2344
KY,POWELL,37.8312,-83.8238
PA,CARBON,40.9183,-75.7088
GA,MORGAN,33.5908,-83.4924
AL,PICKENS,33.2809,-88.0887
IL,MACOUPIN,39.261,-89.9244
VA,SUFFOLK CITY,36.8717,-76.5046
NE,NEMAHA,40.3881,-95.8486
TX,ELLIS,32.3484,-96.7945
AL,LIMESTONE,34.8101,-86.9813
PA,BRADFORD,41.7886,-76.5157
AR,LITTLE RIVER,33.7005,-94.2343
IA,TAYLOR,40.7374,-94.6965
IL,SHELBY,39.3911,-88.8055
IN,SULLIVAN,39.0888,-87.4146
PA,NORTHUMBERLAND,40.852,-76.7091
MD,CHARLES,38.5077,-76.9899
IA,WRIGHT,42.7331,-93.7352
IN,DE KALB,41.3976,-84.9991
MI,MUSKEGON,43.2912,-86.1481
WI,MARQUETTE,43.8196,-89.3988
KY,WAYNE,36.8013,-84.8285
KY,ESTILL,37.6924,-83.9643
TN,HUMPHREYS,36.0408,-87.7757
IL,LOGAN,40.1245,-89.3676
NY,MADISON,42.9129,-75.6697
NY,CHAUTAUQUA,42.2282,-79.3664
MO,MACON,39.8308,-92.5646
AR,GREENE,36.1177,-90.5591
PA,CENTRE,40.919,-77.8196
IN,UNION,39.6255,-84.9251
AL,MARION,34.1366,-87.8871
MO,MCDONALD,36.6287,-94.3484
VA,HENRICO,37.538,-77.4058
KS,LINN,38.2122,-94.8429
NC,FRANKLIN,36.0827,-78.2857
IA,TAMA,42.0798,-92.5326
IN,KNOX,38.6891,-87.418
KY,HENDERSON,37.7961,-87.5729
IL,PIATT,40.0104,-88.5911
SC,LEXINGTON,33.9022,-81.2722
IA,DICKINSON,43.3779,-95.151
AR,LEE,34.7807,-90.782
OH,FAYETTE,39.5599,-83.4561
TX,COOKE,33.6393,-97.2126
SD,LINCOLN,43.2789,-96.7219
ND,RICHLAND,46.2646,-96.9483
MO,PERRY,37.7071,-89.8244
TN,CHEATHAM,36.2612,-87.0868
KS,CLOUD,39.4804,-97.6495
KS,SMITH,39.7851,-98.7855
SD,SPINK,44.9381,-98.3463
OK,MCINTOSH,35.3737,-95.6668
NC,WILSON,35.7048,-77.9185
AR,MONROE,34.6778,-91.2038
SC,GEORGETOWN,33.2834,-79.2353
TN,MEIGS,35.5127,-84.8135
NY,SCHUYLER,42.3938,-76.8752
TN,GREENE,36.1754,-82.8458
MN,CHISAGO,45.5025,-92.9083
PA,CLEARFIELD,41.0002,-78.4741
NC,ROBESON,34.6401,-79.1035
GA,CLAY,31.6264,-84.9803
NC,COLUMBUS,34.2655,-78.655
AL,LAMAR,33.7792,-88.0969
MS,PEARL RIVER,30.7686,-89.5898
VA,ISLE OF WIGHT,36.8908,-76.7269
MI,GENESEE,43.0217,-83.7067
NC,TRANSYLVANIA,35.2022,-82.7983
OH,HOCKING,39.497,-82.4792
NC,PAMLICO,35.1407,-76.7488
KS,SEDGWICK,37.6848,-97.4611
MS,PONTOTOC,34.2254,-89.0374
GA,LAURENS,32.4637,-82.9222
IL,BOND,38.8868,-89.4356
VA,CAMPBELL,37.2056,-79.0963
GA,BURKE,33.0612,-82.0008
NC,BLADEN,34.6143,-78.5632
WI,BURNETT,45.8627,-92.3675
AR,CROSS,35.2958,-90.7713
TN,WILLIAMSON,35.8938,-86.8986
OH,HANCOCK,41.0019,-83.6665
NY,RENSSELAER,42.7111,-73.5097
PA,BLAIR,40.4813,-78.3486
AL,PIKE,31.8024,-85.9409
AR,FAULKNER,35.147,-92.332
MI,PRESQUE ISLE,45.3402,-83.9173
WI,IOWA,43.0005,-90.1354
VA,LOUDOUN,39.0907,-77.6357
ND,HETTINGER,46.4326,-102.4603
GA,IRWIN,31.6023,-83.2764
OH,RICHLAND,40.7747,-82.5365
WV,JEFFERSON,39.3076,-77.8628
IA,FRANKLIN,42.7325,-93.2624
OK,PAWNEE,36.3169,-96.6993
AR,DREW,33.5895,-91.72
TX,LAMAR,33.6671,-95.5711
GA,LONG,31.7528,-81.746
TN,FRANKLIN,35.1549,-86.0922
ND,SHERIDAN,47.5754,-100.3456
IA,PALO ALTO,43.082,-94.6782
NE,LOGAN,41.5665,-100.4829
NE,THURSTON,42.1582,-96.5441
AR,PERRY,34.9474,-92.9315
OH,LAWRENCE,38.5985,-82.5368
IL,FULTON,40.4728,-90.2075
AR,RANDOLPH,36.3415,-91.0278
MN,CROW WING,46.4824,-94.0709
AL,ELMORE,32.5966,-86.1492
IA,KEOKUK,41.3364,-92.1787
MO,PETTIS,38.7283,-93.2851
OK,OSAGE,36.6292,-96.3984
KY,METCALFE,36.9905,-85.6291
WI,JEFFERSON,43.0209,-88.7759
OH,FRANKLIN,39.9696,-83.0093
KY,WEBSTER,37.5183,-87.6832
OH,SUMMIT,41.1259,-81.5321
IN,HENRY,39.931,-85.3964
AL,BALDWIN,30.7278,-87.7171
GA,WALKER,34.7356,-85.3009
MO,DUNKLIN,36.2718,-90.0909
ND,MCLEAN,47.607,-101.3219
KS,COFFEY,38.237,-95.7342
KS,BROWN,39.8266,-95.5642
GA,MONTGOMERY,32.1746,-82.5338
KY,WARREN,36.9936,-86.4239
KS,DECATUR,39.7847,-100.4599
SD,HUTCHINSON,43.3348,-97.7546
WI,WASHBURN,45.8993,-91.7912
TN,OVERTON,36.345,-85.2881
IL,DE WITT,40.1746,-88.9041
NJ,CUMBERLAND,39.3736,-75.1099
GA,LAMAR,33.0765,-84.1394
IA,DUBUQUE,42.4689,-90.8824
NY,ORANGE,41.4022,-74.3056
WI,KENOSHA,42.5767,-88.0418
KS,THOMAS,39.3509,-101.0555
IA,BLACK HAWK,42.4701,-92.3085
IA,CLARKE,41.029,-93.7851
NY,LEWIS,43.7847,-75.4488
MD,GARRETT,39.5286,-79.2739
OH,CARROLL,40.5796,-81.0897
KS,SEWARD,37.1933,-100.8513
MO,MISSISSIPPI,36.8281,-89.2911
NE,JOHNSON,40.3926,-96.2649
ND,STUTSMAN,46.9792,-98.9588
MO,LACLEDE,37.6583,-92.5903
TX,LIBERTY,30.1516,-94.8122
WI,GREEN LAKE,43.8003,-89.045
PA,BUTLER,40.9117,-79.913
KY,CHRISTIAN,36.8941,-87.4904
MS,LEE,34.2899,-88.6804
IN,HOWARD,40.4836,-86.117
IN,ORANGE,38.5418,-86.4951
LA,RAPIDES,31.1986,-92.5332
WI,LAFAYETTE,42.6605,-90.1317
OK,WAGONER,35.9609,-95.5212
NE,PAWNEE,40.1314,-96.237
IN,BROWN,39.1962,-86.2274
KS,RENO,37.9529,-98.0861
KY,GRANT,38.6488,-84.6245
NE,BUFFALO,40.8551,-99.075
PA,COLUMBIA,41.0486,-76.4052
MS,PRENTISS,34.6183,-88.5201
KS,COWLEY,37.2378,-96.8375
MI,IONIA,42.9451,-85.0746
IN,OWEN,39.3129,-86.8376
OH,JACKSON,39.0197,-82.6184
MI,CLARE,43.9879,-84.8478
KY,JESSAMINE,37.872,-84.5809
AR,POINSETT,35.574,-90.6629
VA,MECKLENBURG,36.6804,-78.3627
ND,MCHENRY,48.2346,-100.6363
OH,SHELBY,40.3315,-84.2048
NC,RICHMOND,35.0059,-79.748
NC,WILKES,36.2065,-81.1638
NE,CHASE,40.5242,-101.6979
LA,POINTE COUPEE,30.7097,-91.6009
MN,BENTON,45.6991,-93.9989
MS,GEORGE,30.8626,-88.644
VA,VIRGINIA BEACH CITY,36.7494,-76.0571
AL,HOUSTON,31.1532,-85.3025
WI,OCONTO,45.0255,-88.2676
NJ,MERCER,40.2833,-74.7014
MO,JACKSON,39.0085,-94.3461
IN,HAMILTON,40.0725,-86.052
KY,MERCER,37.8111,-84.8744
MN,MURRAY,44.0221,-95.7632
OH,DELAWARE,40.2785,-83.0052
IA,MARION,41.3344,-93.0995
MO,BARRY,36.7099,-93.8291
MO,MARION,39.806,-91.6224
IN,DUBOIS,38.3643,-86.8798
WI,VERNON,43.5939,-90.8344
MI,BARRY,42.595,-85.309
MI,BAY,43.7072,-83.9921
WI,JUNEAU,43.9245,-90.114
AR,CONWAY,35.2622,-92.7014
OH,BROWN,38.9344,-83.868
IN,FOUNTAIN,40.1209,-87.2419
MO,MADISON,37.4781,-90.345
VA,LOUISA,37.9782,-77.963
IN,CASS,40.7615,-86.346
IN,STEUBEN,41.6439,-85.0008
IA,HOWARD,43.3568,-92.3172
IA,O BRIEN,43.0838,-95.625
MI,NEWAYGO,43.5542,-85.8009
WI,PORTAGE,44.476,-89.5015
KY,OWEN,38.5197,-84.828
TN,HAYWOOD,35.5832,-89.2838
TN,MONTGOMERY,36.4969,-87.3828
MS,BOLIVAR,33.7955,-90.8804
IN,DEARBORN,39.1453,-84.9733
NY,MONTGOMERY,42.9023,-74.4397
IA,STORY,42.0362,-93.4651
MS,CARROLL,33.4485,-89.9202
IN,WASHINGTON,38.6,-86.1053
MO,JASPER,37.2035,-94.3406
NE,FURNAS,40.1765,-99.9123
MN,CLAY,46.8924,-96.4906
AL,ESCAMBIA,31.1262,-87.1616
IL,GRUNDY,41.285,-88.4185
PA,CUMBERLAND,40.1637,-77.2651
KS,RUSH,38.5233,-99.3092
TN,HAWKINS,36.4412,-82.9447
TN,CARROLL,35.9731,-88.4503
IL,TAZEWELL,40.5075,-89.5134
NY,ERIE,42.7621,-78.7308
IA,IDA,42.3869,-95.5136
IN,DECATUR,39.3069,-85.5013
LA,SAINT JAMES,30.0263,-90.7962
TN,MONROE,35.4428,-84.2528
TN,STEWART,36.5012,-87.8385
MN,OLMSTED,44.0036,-92.4018
KY,LOGAN,36.8597,-86.8789
OH,SCIOTO,38.804,-82.9928
OH,GREENE,39.6915,-83.8898
IA,WEBSTER,42.4278,-94.1818
IA,SIOUX,43.0826,-96.1779
OH,HAMILTON,39.1954,-84.5426
OK,NOBLE,36.3886,-97.2306
MN,RICE,44.3541,-93.2966
LA,CALCASIEU,30.2292,-93.3579
SC,LEE,34.1633,-80.2545
NC,HYDE,35.5318,-76.2485
KS,WOODSON,37.8867,-95.7402
NY,HERKIMER,43.4196,-74.9626
PA,CHESTER,39.9733,-75.7483
AL,CRENSHAW,31.7315,-86.3136
MS,CLAIBORNE,31.9737,-90.9118
SC,DARLINGTON,34.3323,-79.9577
GA,TIFT,31.4575,-83.5266
OH,PICKAWAY,39.642,-83.0243
GA,HOUSTON,32.459,-83.6662
IN,CARROLL,40.5829,-86.5635
NC,CURRITUCK,36.4011,-76.0141
NC,CUMBERLAND,35.0485,-78.8273
MO,BATES,38.2573,-94.34
GA,SEMINOLE,30.7935,-84.8812
MI,CLINTON,42.9436,-84.6015
SD,HAAKON,44.2944,-101.54
TN,LAUDERDALE,35.7609,-89.6314
WI,BARRON,45.4238,-91.8484
KY,GREENUP,38.5456,-82.9223
MD,WICOMICO,38.252,-75.8431
WI,KEWAUNEE,44.5161,-87.6154
TN,TROUSDALE,36.3921,-86.1567
OK,OKLAHOMA,35.5515,-97.4072
GA,THOMAS,30.8637,-83.9194
NC,LINCOLN,35.4862,-81.2239
ND,BURKE,48.7909,-102.5182
OK,COAL,34.5882,-96.2979
WI,CHIPPEWA,45.0694,-91.2799
OK,CHOCTAW,34.0265,-95.5521
IN,JAY,40.438,-85.0057
MO,HICKORY,37.9408,-93.3207
MN,WADENA,46.5858,-94.9693
SD,HAMLIN,44.6737,-97.1883
MS,WALTHALL,31.1485,-90.1061
PA,BERKS,40.4164,-75.926
SD,CLAY,42.9146,-96.9757
IA,KOSSUTH,43.2042,-94.2067
TN,CHESTER,35.4211,-88.6128
VA,BOTETOURT,37.5571,-79.8123
AL,BULLOCK,32.1005,-85.7161
NC,HENDERSON,35.3362,-82.4799
MN,KITTSON,48.7766,-96.7826
IL,KNOX,40.9318,-90.2133
GA,FRANKLIN,34.3755,-83.2292
SD,YANKTON,43.009,-97.3947
SD,TODD,43.1934,-100.7184
SC,EDGEFIELD,33.7723,-81.9666
NC,CARTERET,34.8306,-76.6707
SD,SULLY,44.7155,-100.1322
MO,RAY,39.3524,-93.9899
ND,ROLETTE,48.7724,-99.8411
ND,WALSH,48.3694,-97.7214
NE,VALLEY,41.5673,-98.9819
MD,DORCHESTER,38.5492,-76.1372
AL,PERRY,32.6385,-87.2942
IL,SCHUYLER,40.158,-90.6151
IL,DOUGLAS,39.7695,-88.2174
IL,HENRY,41.3531,-90.1314
OH,OTTAWA,41.5381,-83.1467
NE,PERKINS,40.8509,-101.6496
OK,MCCLAIN,35.0087,-97.4436
FL,ESCAMBIA,30.7012,-87.3777
MD,MONTGOMERY,39.1363,-77.2041
WI,DANE,43.0674,-89.4183
IN,WARRICK,38.0922,-87.2721
KS,KINGMAN,37.5589,-98.1364
MS,CALHOUN,33.9364,-89.3364
TN,MCNAIRY,35.1746,-88.5637
ND,TRAILL,47.4542,-97.1615
GA,HENRY,33.4534,-84.1554
OK,CADDO,35.1744,-98.3751
TX,WHARTON,29.2779,-96.2221
SD,HANSON,43.6748,-97.7874
MO,LAFAYETTE,39.0656,-93.7855
PA,CRAWFORD,41.6848,-80.1063
LA,EVANGELINE,30.729,-92.4059
NC,DAVIE,35.9292,-80.5446
VA,RAPPAHANNOCK,38.6845,-78.1593
PA,SOMERSET,39.9725,-79.0283
IL,MADISON,38.8299,-89.9051
IL,HAMILTON,38.0816,-88.5391
IA,HANCOCK,43.0819,-93.7343
FL,HOLMES,30.8679,-85.8143
VA,NORTHAMPTON,37.3566,-75.8995
IN,MORGAN,39.4815,-86.4462
IN,CLAY,39.3928,-87.1158
NC,WARREN,36.3966,-78.1069
MI,WAYNE,42.284,-83.2865
KY,CLINTON,36.7275,-85.1361
KS,JEWELL,39.7847,-98.2184
IA,DECATUR,40.7377,-93.7863
MD,WORCESTER,38.1195,-75.4976
MO,WORTH,40.4791,-94.4222
NC,IREDELL,35.8072,-80.8736
ND,DUNN,47.3568,-102.6183
KY,BULLITT,37.97,-85.6959
MO,CASS,38.647,-94.3548
TN,PICKETT,36.5585,-85.0748
TX,HUTCHINSON,35.84,-101.3547
MN,FREEBORN,43.6738,-93.3489
NY,YATES,42.6335,-77.1055
MS,COVINGTON,31.6332,-89.5526
PA,JUNIATA,40.5311,-77.402
IL,WILLIAMSON,37.7303,-88.9299
MI,MONTMORENCY,45.0276,-84.1273
MN,HENNEPIN,45.0045,-93.4768
WI,ST CROIX,45.034,-92.4528
OH,CLERMONT,39.0476,-84.1522
NY,GENESEE,43.001,-78.1936
IN,PERRY,38.0797,-86.638
NC,MONTGOMERY,35.3324,-79.9054
MS,DE SOTO,34.8754,-89.9918
KY,BOONE,38.97,-84.7279
IN,OHIO,38.9501,-84.965
ND,FOSTER,47.4571,-98.8831
KY,PENDLETON,38.6957,-84.3602
NC,YADKIN,36.1605,-80.6653
GA,WHITFIELD,34.8056,-84.9673
SD,POTTER,45.0645,-99.9573
MS,ITAWAMBA,34.28,-88.3613
MO,NEWTON,36.9055,-94.3392
ND,DICKEY,46.1102,-98.5045
TN,BLOUNT,35.6873,-83.9255
SC,BAMBERG,33.2147,-81.0542
IA,GREENE,42.0362,-94.3969
TN,LAWRENCE,35.2173,-87.3956
SC,COLLETON,32.8655,-80.668
NE,NANCE,41.3973,-97.9923
NE,HALL,40.8725,-98.5022
AL,DALLAS,32.3258,-87.1065
LA,MOREHOUSE,32.8205,-91.8017
TN,RUTHERFORD,35.8427,-86.4167
NE,OTOE,40.6485,-96.1348
MI,MIDLAND,43.6468,-84.3879
ND,CAVALIER,48.7721,-98.465
KS,DICKINSON,38.8664,-97.1527
MO,SHELBY,39.7978,-92.0766
SD,PENNINGTON,44.0037,-102.8238
NY,ULSTER,41.8881,-74.2585
MI,IOSCO,44.3559,-83.636
MO,BOLLINGER,37.3222,-90.0259
KY,TAYLOR,37.3664,-85.3279
NE,MERRICK,41.1698,-98.0376
TN,COCKE,35.9254,-83.1211
IN,BOONE,40.0508,-86.4687
TN,DE KALB,35.9798,-85.8328
OH,HARRISON,40.2938,-81.0911
MN,WASECA,44.0221,-93.5873
IA,LINN,42.0789,-91.5989
KY,LYON,37.0191,-88.0832
SC,OCONEE,34.7535,-83.0659
OH,MORROW,40.524,-82.7941
MI,MACOMB,42.6956,-82.9322
LA,CAMERON,29.8717,-93.1618
MO,OSAGE,38.4604,-91.8618
IA,RINGGOLD,40.7352,-94.244
NC,RUTHERFORD,35.4023,-81.9202
KS,BUTLER,37.7813,-96.8391
WI,WALWORTH,42.6685,-88.5419
KS,PHILLIPS,39.7845,-99.3469
MN,MARTIN,43.6742,-94.5511
MN,NOBLES,43.6742,-95.7534
IL,LEE,41.7461,-89.3005
IL,ST CLAIR,38.4703,-89.9284
NE,GOSPER,40.5148,-99.8307
MI,LENAWEE,41.8951,-84.0664
MO,PIKE,39.3438,-91.1714
OH,HURON,41.1462,-82.5984
IA,CLAY,43.0826,-95.151
SD,MCPHERSON,45.7664,-99.2215
MS,GRENADA,33.77,-89.802
IA,PAGE,40.7391,-95.1502
IL,CHRISTIAN,39.5458,-89.2773
KS,OTTAWA,39.1326,-97.6503
IN,NOBLE,41.3986,-85.4174
VA,FAUQUIER,38.7386,-77.8094
OH,WILLIAMS,41.5603,-84.5882
AR,WHITE,35.2563,-91.7457
IA,MONTGOMERY,41.0301,-95.1563
KS,JEFFERSON,39.2358,-95.3834
OH,HIGHLAND,39.1848,-83.6009
IL,SALINE,37.7533,-88.5408
IL,FAYETTE,39.0002,-89.0242
IA,DALLAS,41.6849,-94.0398
OK,WOODS,36.7669,-98.8651
MI,GRAND TRAVERSE,44.6709,-85.559
IA,JONES,42.1212,-91.1314
MO,HENRY,38.3852,-93.7927
NC,HALIFAX,36.2575,-77.6519
VA,SUSSEX,36.9218,-77.2618
KY,CARLISLE,36.8532,-88.9709
NE,DOUGLAS,41.2953,-96.1544
IL,KANE,41.939,-88.4287
GA,CANDLER,32.4035,-82.0737
NE,WAYNE,42.2092,-97.1193
GA,JENKINS,32.7925,-81.9636
DE,SUSSEX,38.6621,-75.399
NC,NASH,35.9672,-77.9864
MN,WATONWAN,43.9783,-94.6141
KS,FORD,37.6917,-99.8879
KS,ROOKS,39.3502,-99.3251
AR,JACKSON,35.5994,-91.2146
SD,MINNEHAHA,43.6742,-96.7914
VA,HALIFAX,36.767,-78.9367
NC,MARTIN,35.8416,-77.1072
OH,TUSCARAWAS,40.441,-81.4738
NJ,BURLINGTON,39.8774,-74.6679
IA,WARREN,41.3343,-93.5614
MO,GREENE,37.2581,-93.342
KY,RUSSELL,36.9911,-85.0586
AL,COVINGTON,31.2485,-86.4512
IL,JERSEY,39.0856,-90.3566
ND,BOTTINEAU,48.7921,-100.8335
OH,GEAUGA,41.4995,-81.1786
KS,LINCOLN,39.0453,-98.2078
NE,BOONE,41.7068,-98.0673
IL,CARROLL,42.0688,-89.9345
TN,COFFEE,35.4906,-86.0748
MO,CHARITON,39.5145,-92.9626
MO,SULLIVAN,40.2107,-93.1115
IA,JEFFERSON,41.0318,-91.9489
NE,CHEYENNE,41.2198,-102.995
NE,LANCASTER,40.7841,-96.6878
MO,NODAWAY,40.3607,-94.8834
NE,HAMILTON,40.8735,-98.0233
VA,CUMBERLAND,37.512,-78.245
IN,JENNINGS,38.9969,-85.6281
KS,GOVE,38.916,-100.4829
VA,LANCASTER,37.7367,-76.464
AL,LOWNDES,32.1548,-86.6501
IL,CUMBERLAND,39.2732,-88.2403
OK,BRYAN,33.9623,-96.26
IL,EDWARDS,38.4165,-88.0532
NE,PIERCE,42.2644,-97.6013
PA,LANCASTER,40.0424,-76.2477
NE,COLFAX,41.5733,-97.0865
KY,CUMBERLAND,36.7866,-85.3884
MN,MARSHALL,48.3581,-96.3685
ND,OLIVER,47.1153,-101.3403
NE,BOYD,42.8997,-98.7665
WI,ROCK,42.6712,-89.0716
SC,SPARTANBURG,34.9313,-81.9907
MO,DAVIESS,39.9607,-93.9855
MN,BELTRAMI,47.9738,-94.9377
IN,VIGO,39.4306,-87.39
IA,SCOTT,41.6371,-90.6232
KS,GRANT,37.5622,-101.308
PA,BUCKS,40.337,-75.1067
MO,MERCER,40.4223,-93.5685
IN,RANDOLPH,40.1576,-85.0114
KY,CARROLL,38.6679,-85.1235
GA,EFFINGHAM,32.3675,-81.3407
PA,POTTER,41.745,-77.8958
IN,STARKE,41.281,-86.6478
MS,TIPPAH,34.7684,-88.9089
MO,COLE,38.5055,-92.2816
OK,KIOWA,34.9163,-98.9808
ND,MORTON,46.7161,-101.2811
MN,DAKOTA,44.6718,-93.0656
MO,CRAWFORD,37.9764,-91.304
GA,TOOMBS,32.1206,-82.3306
OK,TEXAS,36.7479,-101.49
KS,GRAY,37.7382,-100.4378
IA,MONROE,41.0297,-92.869
PA,WESTMORELAND,40.3107,-79.4668
VA,CHESAPEAKE CITY,36.6778,-76.3024
GA,PIERCE,31.3589,-82.2134
SD,BEADLE,44.4145,-98.2782
OH,FULTON,41.6018,-84.1301
MN,LE SUEUR,44.3714,-93.73
MS,BENTON,34.8173,-89.1885
SC,DILLON,34.3915,-79.3789
KS,REPUBLIC,39.8278,-97.6505
OK,CLEVELAND,35.2036,-97.3271
ND,TOWNER,48.6856,-99.2459
WI,RICHLAND,43.3756,-90.4295
NC,ROCKINGHAM,36.3961,-79.7751
VA,PRINCE GEORGE,37.1866,-77.2241
MO,COOPER,38.8439,-92.8103
GA,BROOKS,30.842,-83.5803
KS,CHEROKEE,37.1693,-94.8462
OK,KAY,36.818,-97.1439
MS,LAFAYETTE,34.3568,-89.4849
AL,COFFEE,31.4026,-85.9882
KY,MUHLENBERG,37.2157,-87.1421
IN,BLACKFORD,40.4735,-85.3248
MS,SIMPSON,31.9132,-89.9195
MO,MONROE,39.4955,-92.0007
GA,TELFAIR,31.9298,-82.9389
GA,COOK,31.154,-83.4305
KY,NELSON,37.8051,-85.4662
GA,CRISP,31.923,-83.7681
NC,BRUNSWICK,33.9633,-78.0599
LA,NATCHITOCHES,31.7236,-93.0963
NY,ONTARIO,42.8529,-77.2998
AR,BENTON,36.3392,-94.2573
KY,BARREN,36.9656,-85.9336
NY,TOMPKINS,42.452,-76.4737
VA,SHENANDOAH,38.8585,-78.5704
OK,SEQUOYAH,35.4953,-94.7549
NE,WHEELER,41.9148,-98.5282
SC,BERKELEY,33.1978,-79.9508
OH,MERCER,40.54,-84.6293
MO,DE KALB,39.8932,-94.4047
ND,MOUNTRAIL,48.2013,-102.3556
IL,FRANKLIN,37.9923,-88.9242
IN,GRANT,40.5158,-85.6548
PA,CLARION,41.1925,-79.421
SC,SUMTER,33.9162,-80.3823
MN,HOUSTON,43.6714,-91.4929
IL,CLINTON,38.6065,-89.4224
MI,OAKLAND,42.6604,-83.3855
KY,LEWIS,38.5317,-83.3781
IL,JOHNSON,37.4596,-88.8809
NC,GREENE,35.4852,-77.6756
IL,KANKAKEE,41.1377,-87.8618
IL,LA SALLE,41.3439,-88.8859
IN,PORTER,41.4605,-87.0672
GA,EMANUEL,32.5898,-82.3018
GA,TATTNALL,32.0458,-82.0582
KS,OSBORNE,39.3504,-98.7679
NY,TIOGA,42.1703,-76.3063
MN,BECKER,46.9346,-95.6738
VA,PRINCE EDWARD,37.2243,-78.4411
IA,BUCHANAN,42.4707,-91.8379
GA,ELBERT,34.117,-82.8403
LA,EAST CARROLL,32.7325,-91.235
NC,SAMPSON,34.9915,-78.3712
NC,DUPLIN,34.9365,-77.9333
OK,CANADIAN,35.5425,-97.9825
KY,HOPKINS,37.3088,-87.541
KS,SUMNER,37.2373,-97.4765
MN,COTTONWOOD,44.0071,-95.1812
IL,PEORIA,40.7881,-89.76
OH,MONTGOMERY,39.7545,-84.2906
KY,FULTON,36.5541,-89.1873
NC,SCOTLAND,34.8411,-79.4805
PA,FULTON,39.9255,-78.1124
MO,WEBSTER,37.2809,-92.8759
LA,RED RIVER,32.0933,-93.34
IN,SPENCER,38.0142,-87.0077
IL,PERRY,38.0838,-89.3671
GA,MILLER,31.164,-84.7307
TX,MOORE,35.8377,-101.8929
IA,CRAWFORD,42.0372,-95.3821
TN,CLAY,36.5511,-85.5438
SC,BARNWELL,33.2661,-81.435
IN,NEWTON,40.9559,-87.3975
TN,WEAKLEY,36.2983,-88.7178
IL,COOK,41.8399,-87.8167
IA,LOUISA,41.2185,-91.2597
GA,TAYLOR,32.5556,-84.2504
NJ,MIDDLESEX,40.4394,-74.4113
VA,CLARKE,39.1122,-77.9966
WI,BAYFIELD,46.5241,-91.2006
TX,MILAM,30.7863,-96.9769
IA,POCAHONTAS,42.7341,-94.6788
SD,DEUEL,44.76,-96.668
AL,ETOWAH,34.0453,-86.0348
SC,YORK,34.9747,-81.1845
NY,LIVINGSTON,42.728,-77.7754
SC,HORRY,33.9215,-78.9966
NE,CASS,40.9098,-96.1408
AL,CHEROKEE,34.176,-85.6038
OK,LEFLORE,34.9001,-94.7035
GA,DECATUR,30.7994,-84.7577
MO,ST CHARLES,38.7819,-90.6752
KY,LIVINGSTON,37.2097,-88.3536
NE,SARPY,41.1131,-96.1119
MI,OTTAWA,42.9435,-86.1799
ND,STEELE,47.4562,-97.7247
MS,MADISON,32.6347,-90.0338
MS,LEAKE,32.7535,-89.5241
MN,STEELE,44.0223,-93.226
MS,YAZOO,32.7804,-90.3965
KS,COMANCHE,37.1913,-99.2719
KS,CHEYENNE,39.7858,-101.7311
LA,MADISON,32.3643,-91.2427
SC,CHESTERFIELD,34.6398,-80.1586
MI,MENOMINEE,45.5792,-87.5573
AL,DE KALB,34.4598,-85.8041
MS,NEWTON,32.4002,-89.1188
AL,HENRY,31.5147,-85.2414
NC,PERSON,36.3901,-78.9717
ND,MCINTOSH,46.1119,-99.4412
KY,CLAY,37.1598,-83.7146
PA,MERCER,41.3022,-80.2577
IL,ROCK ISLAND,41.4673,-90.5674
KY,BOYLE,37.6244,-84.8667
MI,ST JOSEPH,41.9145,-85.5278
SD,BUTTE,44.9058,-103.5081
MI,TUSCOLA,43.4641,-83.4168
WV,MASON,38.7697,-82.0265
OK,OKFUSKEE,35.4655,-96.3228
SD,CODINGTON,44.9778,-97.1887
WI,POLK,45.4614,-92.4414
IA,MAHASKA,41.3351,-92.6409
KS,JACKSON,39.417,-95.7937
KS,MCPHERSON,38.3916,-97.648
OK,DELAWARE,36.4082,-94.8027
MO,RIPLEY,36.6528,-90.8639
NE,SAUNDERS,41.2265,-96.6374
MO,MONTGOMERY,38.9415,-91.4702
IL,MORGAN,39.7156,-90.2015
ND,STARK,46.8107,-102.655
IN,PULASKI,41.0419,-86.6989
LA,RICHLAND,32.4177,-91.7636
SD,CAMPBELL,45.7711,-100.0517
MN,ROSEAU,48.7751,-95.8107
NC,GUILFORD,36.0794,-79.789
KS,RICE,38.3471,-98.2011
TN,RHEA,35.6087,-84.9244
NE,GAGE,40.2619,-96.6893
MN,JACKSON,43.6741,-95.1541
VA,FRANKLIN,36.9919,-79.881
LA,JEFFERSON DAVIS,30.2669,-92.8138
ND,RENVILLE,48.7192,-101.6581
WI,WOOD,44.4553,-90.0416
IA,GUTHRIE,41.6838,-94.501
KY,CRITTENDEN,37.3527,-88.0972
IL,CASS,39.9736,-90.2474
MO,MORGAN,38.4239,-92.8861
VA,NOTTOWAY,37.1431,-78.0513
MN,NORMAN,47.3265,-96.4551
MD,ST MARYS,38.2729,-76.6202
TN,ROBERTSON,36.5254,-86.8705
IN,SCOTT,38.6851,-85.7474
MS,WEBSTER,33.6131,-89.2848
WI,LANGLADE,45.2624,-89.0719
MO,STE GENEVIEVE,37.894,-90.1952
AL,MARSHALL,34.3669,-86.3066
KY,MCCRACKEN,37.0539,-88.7127
KS,SALINE,38.7839,-97.65
IA,DES MOINES,40.9232,-91.1815
MN,SCOTT,44.6484,-93.5358
OH,CRAWFORD,40.8509,-82.9197
TN,HENDERSON,35.6543,-88.388
WV,BERKELEY,39.4641,-78.0275
NE,STANTON,41.9169,-97.1939
KY,BOURBON,38.2068,-84.2171
MO,MARIES,38.1616,-91.9249
AR,LONOKE,34.7542,-91.8887
NE,WASHINGTON,41.5311,-96.2218
MO,MONITEAU,38.6327,-92.583
PA,CAMBRIA,40.4954,-78.7136
MI,GLADWIN,43.9906,-84.3882
MS,NOXUBEE,33.1101,-88.5698
OH,BUTLER,39.4386,-84.5755
VA,RICHMOND,37.9429,-76.7249
MD,PRINCE GEORGES,38.7014,-77.0099
TX,MATAGORDA,28.8661,-95.9853
IN,DELAWARE,40.2275,-85.3969
SC,RICHLAND,34.0218,-80.9031
KS,LYON,38.4563,-96.1527
KS,TREGO,38.9143,-99.8729
NE,NUCKOLLS,40.1764,-98.0472
GA,WILCOX,31.9734,-83.4322
IL,VERMILION,40.1836,-87.7329
SD,GREGORY,43.1924,-99.1856
NE,YORK,40.8727,-97.5971
IA,HARDIN,42.3838,-93.2404
NE,LOUP,41.9138,-99.4544
IN,CRAWFORD,38.2923,-86.4517
WI,WINNEBAGO,44.0689,-88.6446
KS,DOUGLAS,38.8845,-95.2924
VA,NORTHUMBERLAND,37.8875,-76.4233
NJ,SUSSEX,41.1395,-74.6902
OH,LAKE,41.6968,-81.237
TN,POLK,35.1199,-84.5233
GA,SCREVEN,32.7507,-81.6119
IA,FREMONT,40.7456,-95.6047
IN,JOHNSON,39.4899,-86.1017
OK,NOWATA,36.7985,-95.6174
OH,PUTNAM,41.0221,-84.1317
IA,BREMER,42.7747,-92.3182
VA,PRINCE WILLIAM,38.7037,-77.4821
VA,SPOTSYLVANIA,38.1854,-77.6567
LA,LAFAYETTE,30.2063,-92.0639
NE,BROWN,42.43,-99.9295
MN,WASHINGTON,45.0383,-92.8839
IA,CARROLL,42.0362,-94.8607
MO,CAPE GIRARDEAU,37.3839,-89.6845
KS,STEVENS,37.1924,-101.3121
IN,LA PORTE,41.546,-86.74
NE,ROCK,42.4213,-99.45
TN,FENTRESS,36.3805,-84.9324
VA,SOUTHAMPTON,36.7201,-77.1066
KY,MONROE,36.7122,-85.7164
PA,LUZERNE,41.1771,-75.9889
MI,KALAMAZOO,42.2454,-85.5311
NC,BERTIE,36.1197,-76.7246
NC,RANDOLPH,35.7103,-79.806
MN,POPE,45.5861,-95.4445
NC,PENDER,34.5255,-77.907
WI,FOND DU LAC,43.7536,-88.4883
OK,CUSTER,35.6389,-99.0015
AL,MADISON,34.7631,-86.5502
IL,MACON,39.8599,-88.9617
SC,CHEROKEE,35.0482,-81.6204
ND,GRIGGS,47.4572,-98.2371
IN,MONROE,39.1609,-86.5231
MS,LEFLORE,33.5505,-90.301
ND,EDDY,47.7176,-98.9016
WI,MARINETTE,45.383,-88.0344
IN,KOSCIUSKO,41.2441,-85.8607
NE,DUNDY,40.1762,-101.6879
WI,COLUMBIA,43.4665,-89.3338
GA,SUMTER,32.04,-84.1971
IA,CERRO GORDO,43.0815,-93.2608
WI,LA CROSSE,43.9065,-91.1152
MS,ISSAQUENA,32.7414,-90.9892
OH,TRUMBULL,41.3174,-80.7604
KS,RUSSELL,38.9149,-98.7623
GA,RANDOLPH,31.7626,-84.7542
VA,LUNENBURG,36.9462,-78.2405
OH,PAULDING,41.1166,-84.5801
IN,ELKHART,41.5974,-85.8587
SD,WALWORTH,45.4299,-100.0316
PA,SCHUYLKILL,40.7059,-76.216
LA,WEST BATON ROUGE,30.4634,-91.3134
MI,MASON,43.9954,-86.2497
IN,WAYNE,39.8644,-85.0099
KS,LEAVENWORTH,39.1993,-95.0379
NC,FORSYTH,36.1304,-80.2563
AR,JOHNSON,35.5701,-93.4599
IL,COLES,39.5202,-88.2218
TN,GRUNDY,35.3884,-85.7226
MN,STEARNS,45.5522,-94.613
FL,MADISON,30.4442,-83.47
OH,NOBLE,39.766,-81.4556
SC,CALHOUN,33.6749,-80.7802
MN,LAKE OF THE WOODS,48.7718,-94.9048
KY,HICKMAN,36.6781,-88.9761
LA,CONCORDIA,31.4458,-91.6397
MI,BRANCH,41.9161,-85.059
MI,CASS,41.9153,-85.9936
TN,WHITE,35.9264,-85.4553
NY,CHENANGO,42.4936,-75.6115
IL,SCOTT,39.6442,-90.4747
OH,WYANDOT,40.8424,-83.3044
SD,MELLETTE,43.5811,-100.76
NC,VANCE,36.3648,-78.4083
MO,CALDWELL,39.6557,-93.9828
DE,KENT,39.0867,-75.5688
IA,BUTLER,42.7316,-92.7902
NC,HARNETT,35.3687,-78.8693
PA,HUNTINGDON,40.417,-77.9812
MN,LYON,44.4135,-95.839
ND,MCKENZIE,47.7402,-103.3953
PA,WYOMING,41.5184,-76.0165
MO,BUTLER,36.7164,-90.4065
OH,LORAIN,41.2955,-82.1512
PA,FAYETTE,39.9198,-79.6474
MS,SHARKEY,32.8797,-90.8132
VA,KING AND QUEEN,37.7182,-76.8949
MO,CHRISTIAN,36.9696,-93.1889
MN,SWIFT,45.2827,-95.6813
OK,GRANT,36.7961,-97.7861
OH,MADISON,39.8941,-83.3999
PA,INDIANA,40.6521,-79.0875
SD,HUGHES,44.389,-99.9961
SD,JACKSON,43.6943,-101.6281
MN,WINONA,43.9869,-91.7791
GA,COLQUITT,31.1884,-83.7688
NC,JONES,35.0222,-77.3555
MN,BIG STONE,45.4261,-96.411
KY,WOODFORD,38.0423,-84.7435
VA,FREDERICK,39.2046,-78.2626
SD,LAKE,44.022,-97.1294
VA,PITTSYLVANIA,36.8213,-79.3971
GA,BACON,31.5537,-82.4527
MN,SHERBURNE,45.4439,-93.7745
AL,SUMTER,32.591,-88.1988
NE,DODGE,41.578,-96.654
OH,LOGAN,40.3885,-83.7658
KS,ELLSWORTH,38.6966,-98.2048
NC,CLEVELAND,35.334,-81.5554
KS,ELK,37.4537,-96.2441
MN,MOWER,43.6714,-92.7525
OH,UNION,40.2995,-83.3715
WI,PEPIN,44.5829,-92.0017
IL,LAKE,42.3231,-88.0036
OK,BEAVER,36.7497,-100.4767
MO,NEW MADRID,36.5942,-89.6516
MN,KANABEC,45.9453,-93.2935
TX,DALLAS,32.7666,-96.7779
NE,KNOX,42.6369,-97.8919
ND,BURLEIGH,46.9774,-100.4688
TN,PERRY,35.6426,-87.859
OH,PREBLE,39.7416,-84.6481
MN,GOODHUE,44.4099,-92.7225
OK,ROGERS,36.3716,-95.6044
IN,HUNTINGTON,40.8291,-85.4881
AR,CHICOT,33.2672,-91.294
MO,BOONE,38.9907,-92.3096
MN,RED LAKE,47.8717,-96.0953
MI,GRATIOT,43.2927,-84.6048
PA,YORK,39.9199,-76.7265
KY,HENRY,38.4484,-85.1189
SD,BROWN,45.5898,-98.3516
MN,CASS,46.9496,-94.3253
NY,WAYNE,43.1566,-77.0292
KY,ROCKCASTLE,37.3652,-84.316
MN,PIPESTONE,44.023,-96.2586
NC,CALDWELL,35.953,-81.5465
NY,CAYUGA,42.9169,-76.5543
IA,PLYMOUTH,42.7378,-96.2142
NY,FRANKLIN,44.5929,-74.3038
OH,MARION,40.5873,-83.1609
MO,ST CLAIR,38.0371,-93.776
IA,WAPELLO,41.0306,-92.4095
KS,MARSHALL,39.7836,-96.5229
IN,DAVIESS,38.7024,-87.0721
IN,VANDERBURGH,38.0254,-87.5857
IL,MASON,40.2397,-89.9168
TN,CANNON,35.8087,-86.0617
NC,ORANGE,36.0614,-79.1205
MD,HOWARD,39.251,-76.9315
VA,BUCKINGHAM,37.5722,-78.5287
KY,NICHOLAS,38.3356,-84.0153
TN,MADISON,35.6082,-88.8385
SD,ZIEBACH,44.9806,-101.666
IL,BOONE,42.3231,-88.8234
NE,KEYA PAHA,42.8789,-99.7124
TN,MARION,35.1294,-85.622
SD,CORSON,45.7087,-101.1969
IL,MCDONOUGH,40.4562,-90.678
IA,MARSHALL,42.0358,-92.9988
ND,LA MOURE,46.4569,-98.5355
WI,MANITOWOC,44.1198,-87.8096
OK,CRAIG,36.7617,-95.2086
TN,JEFFERSON,36.051,-83.4463
NY,DUTCHESS,41.7652,-73.7428
IL,MARSHALL,41.0332,-89.3448
OH,MEIGS,39.0821,-82.0229
KS,POTTAWATOMIE,39.379,-96.3425
MS,HUMPHREYS,33.1287,-90.5265
MO,LINN,39.8702,-93.1072
IA,IOWA,41.6863,-92.0656
KS,WASHINGTON,39.7842,-97.0874
MS,CHICKASAW,33.9208,-88.9479
NE,HAYES,40.5248,-101.0618
MI,HILLSDALE,41.8878,-84.593
SD,TURNER,43.3108,-97.1488
OH,SANDUSKY,41.3565,-83.145
TN,LAKE,36.3352,-89.4935
GA,PEACH,32.5688,-83.8268
IL,HENDERSON,40.8181,-90.9251
GA,WORTH,31.5516,-83.851
ND,MERCER,47.3092,-101.8315
GA,BERRIEN,31.2761,-83.2297
OH,DEFIANCE,41.3239,-84.4906
MS,LAWRENCE,31.5502,-90.107
NC,GRANVILLE,36.304,-78.653
MD,CARROLL,39.5631,-77.0228
KS,FINNEY,38.0444,-100.7369
LA,WEST FELICIANA,30.8798,-91.42
AL,WALKER,33.8034,-87.2973
SC,PICKENS,34.8875,-82.7254
MS,QUITMAN,34.2514,-90.2891
LA,AVOYELLES,31.0762,-92.0013
KS,PRATT,37.6478,-98.7396
NE,SHERMAN,41.2205,-98.9763
MO,ST FRANCOIS,37.8104,-90.4729
MO,HARRISON,40.3547,-93.9921
MI,CALHOUN,42.2466,-85.0055
TX,CAMERON,26.1293,-97.5292
VA,GOOCHLAND,37.722,-77.9164
IA,CLINTON,41.898,-90.532
NE,SHERIDAN,42.5048,-102.409
NC,BEAUFORT,35.4947,-76.8631
MO,HOWARD,39.1428,-92.6958
TN,OBION,36.3582,-89.1488
WI,BUFFALO,44.3799,-91.7545
MI,VAN BUREN,42.2513,-86.0189
MS,MONROE,33.8923,-88.4804
SD,MINER,44.022,-97.6102
IN,JASPER,41.023,-87.1162
MS,CLAY,33.6557,-88.7815
OH,HENRY,41.3339,-84.0682
SC,GREENVILLE,34.8944,-82.3708
IA,HARRISON,41.6829,-95.8167
OH,COSHOCTON,40.3017,-81.92
VA,STAFFORD,38.4213,-77.4603
NY,SENECA,42.781,-76.8237
KY,GRAVES,36.723,-88.6512
IL,MONTGOMERY,39.231,-89.4789
WI,TAYLOR,45.2115,-90.5012
OK,CREEK,35.9027,-96.3709
IN,WHITE,40.7499,-86.8654
ND,WELLS,47.5876,-99.661
SD,LYMAN,43.8959,-99.8474
MN,BLUE EARTH,44.0346,-94.0671
IN,JACKSON,38.9064,-86.0376
IL,WARREN,40.8488,-90.615
OK,OKMULGEE,35.6467,-95.9643
NY,JEFFERSON,44.0409,-75.9102
VA,MIDDLESEX,37.6353,-76.5769
IL,SANGAMON,39.7582,-89.6589
IL,OGLE,42.0427,-89.3207
IL,HANCOCK,40.4037,-91.1647
TN,DYER,36.059,-89.4138
IL,KENDALL,41.5906,-88.4289
SD,DAVISON,43.675,-98.1461
MD,BALTIMORE,39.295,-76.4054
OH,FAIRFIELD,39.7516,-82.6305
NY,WYOMING,42.7023,-78.2245
IA,POTTAWATTAMIE,41.3364,-95.5423
NJ,GLOUCESTER,39.7173,-75.1419
SC,SALUDA,34.0061,-81.7269
TN,BEDFORD,35.5138,-86.4589
AL,MORGAN,34.4535,-86.8529
LA,CALDWELL,32.0922,-92.1167
SD,MOODY,44.0221,-96.671
NC,UNION,34.9884,-80.5307
OK,MUSKOGEE,35.6161,-95.3794
MS,COAHOMA,34.2292,-90.6027
KY,BRECKINRIDGE,37.7732,-86.4293
IA,BUENA VISTA,42.7355,-95.1513
KS,BARBER,37.2289,-98.6848
NE,HARLAN,40.1765,-99.4046
MI,INGHAM,42.5971,-84.3736
KY,ROWAN,38.1963,-83.4211
ND,WILLIAMS,48.3437,-103.4802
KS,JOHNSON,38.8838,-94.8223
AL,SHELBY,33.2643,-86.6607
IL,CLAY,38.7542,-88.4902
AL,COLBERT,34.7004,-87.8049
AR,WOODRUFF,35.1863,-91.2432
MO,KNOX,40.1282,-92.1481
TX,FANNIN,33.5939,-96.1066
KY,EDMONSON,37.2087,-86.2385
IA,HAMILTON,42.3838,-93.7068
OK,POTTAWATOMIE,35.2068,-96.9483
MI,EATON,42.5961,-84.8384
PA,NORTHAMPTON,40.7543,-75.3074
TN,FAYETTE,35.1971,-89.4144
NC,HOKE,35.0174,-79.2371
IL,LAWRENCE,38.72,-87.7266
MN,MAHNOMEN,47.3252,-95.809
MO,RALLS,39.5276,-91.5219
WI,GRANT,42.8675,-90.7062
OH,DARKE,40.1333,-84.6193
NJ,SOMERSET,40.5637,-74.6164
TN,BENTON,36.0698,-88.0683
KS,KIOWA,37.5582,-99.286
KY,BRACKEN,38.6888,-84.0901
GA,MURRAY,34.7885,-84.7481
MN,LINCOLN,44.4126,-96.267
GA,WASHINGTON,32.9695,-82.7959
MO,WAYNE,37.1127,-90.4614
AL,FRANKLIN,34.4417,-87.8438
WI,DOOR,44.9436,-87.3173
KY,BATH,38.1449,-83.7428
OH,JEFFERSON,40.385,-80.761
MO,WASHINGTON,37.9617,-90.8774
IA,HENRY,40.9879,-91.5446
NE,SEWARD,40.8723,-97.1395
NY,CHEMUNG,42.1413,-76.76
IL,IROQUOIS,40.7474,-87.8243
WI,BROWN,44.4537,-88.0032
TX,RED RIVER,33.6207,-95.0504
ND,SARGENT,46.1078,-97.6306
OK,OTTAWA,36.8355,-94.8105
KS,RAWLINS,39.7852,-101.0757
IN,LAKE,41.4156,-87.3817
IL,CALHOUN,39.1692,-90.6675
KY,GRAYSON,37.4608,-86.3439
OH,VINTON,39.251,-82.4854
ND,WARD,48.2218,-101.5419
PA,LAWRENCE,40.9912,-80.3342
TX,BRAZORIA,29.1913,-95.4551
NJ,WARREN,40.8574,-74.997
GA,POLK,34.0018,-85.1881
IA,SHELBY,41.6851,-95.3103
KS,MONTGOMERY,37.1925,-95.7429
TN,MACON,36.532,-86.0072
GA,MARION,32.3534,-84.5246
KS,NEOSHO,37.5586,-95.3068
PA,WASHINGTON,40.1894,-80.2482
NE,FRONTIER,40.5301,-100.3942
SD,DAY,45.3672,-97.6075
KS,MEADE,37.2383,-100.3662
